"Jewelry","","",""
"","Necklaces","",""
"","","Pendants",""
"","","Beaded Necklaces",""
"","","Charm Necklaces",""
"","","Chokers",""
"","","Lockets",""
"","","Crystal Necklaces",""
"","","Monogram & Name Necklaces",""
"","","Chains",""
"","","Lariat & Y Necklaces",""
"","","Multi Strand Necklaces",""
"","","Bib Necklaces",""
"","","Tassel Necklaces",""
"","","Cameo Necklaces",""
"","Earrings","",""
"","","Dangle & Drop Earrings",""
"","","Stud Earrings",""
"","","Hoop Earrings",""
"","","Clip On Earrings",""
"","","Chandelier Earrings",""
"","","Gauge & Plug Earrings",""
"","","Cuff & Wrap Earrings",""
"","","Screw Back Earrings",""
"","","Cluster Earrings",""
"","","Threader Earrings",""
"","","Ear Jackets",""
"","","Ear Weights",""
"","Bracelets","",""
"","","Beaded Bracelets",""
"","","Charm Bracelets",""
"","","Cuff Bracelets",""
"","","Bangles",""
"","","Chain & Link Bracelets",""
"","","Woven & Braided Bracelets",""
"","","ID & Medical Bracelets",""
"","Rings","",""
"","","Wedding & Engagements",""
"","","Statement Rings",""
"","","Bands",""
"","","Solitaire Rings",""
"","","Stackable Rings",""
"","","Multistone Rings",""
"","","Multifinger Rings",""
"","","Midi Rings",""
"","","Signet Rings",""
"","","Ring Guards and Spacers",""
"","Brooches","",""
"","Cuff Links & Tie Tacks","",""
"","","Cuff Links",""
"","","Tie Tacks",""
"","","Shirt Studs",""
"","Body Jewelry","",""
"","","Belly Rings",""
"","","Nose Rings & Studs",""
"","","Gauge & Plug Earrings",""
"","","Hair Jewelry",""
"","","Barbells",""
"","","Toe Rings",""
"","","Belly Chains",""
"","","Nipple Jewelry",""
"","","Arm Bands",""
"","","Lip Rings",""
"","","Shoulder Jewelry",""
"","","Pinchers & Spirals",""
"","Jewelry Sets","",""
"","Watches","",""
"","Anklets","",""
"","Jewelry Storage","",""
"","Dress & Shoe clips","",""
"","Sweater Clips","",""
"Arts & Collectibles","","",""
"","Prints","",""
"","","Digital Prints",""
"","","Giclee",""
"","","Etchings & Engravings",""
"","","Lithographs",""
"","","Screenprints",""
"","","Wood & Linocut Prints",""
"","","Letterpress Prints",""
"","","Music & Movie Posters",""
"","","Monotypes",""
"","Collectibles","",""
"","","Figurines",""
"","","Memorabilia",""
"","","Collectible Glass",""
"","","Tobacciana",""
"","","Advertisements",""
"","","Coins & Money",""
"","","Collectible Plates",""
"","","Display Cases",""
"","","Postage Stamps",""
"","","Paperweights",""
"","","Music Boxes",""
"","Photography","",""
"","","Nature",""
"","","Portraits",""
"","","Abstract",""
"","","Animals",""
"","","Architecture",""
"","","Food & Drink",""
"","","Locations & Travel",""
"","Painting","",""
"","","Acrylic",""
"","","Watercolor",""
"","","Oil",""
"","","Mixed",""
"","","Combination",""
"","","Ink",""
"","","Spray Paint",""
"","","Gouache",""
"","","Encaustics",""
"","Drawing & Illustration","",""
"","","Digital",""
"","","Pen & Ink",""
"","","Pencil",""
"","","Marker",""
"","","Pastel",""
"","","Charcoal",""
"","Sculpture","",""
"","","Art Objects",""
"","","Figurines",""
"","","Vessels",""
"","Mixed Media & Collage","",""
"","","Other Assemblage",""
"","","Paper",""
"","","Paint & Canvas",""
"","","Mosaic",""
"","Dolls & Miniatures","",""
"","","Miniatures",""
"","","Art Dolls",""
"","","Dollhouses",""
"","","Dioramas",""
"","Fiber Arts","",""
"","","Embroidery",""
"","","Felting",""
"","","Cross Stitch",""
"","","Sewing",""
"","","Quilting",""
"","","Crochet",""
"","","Weaving",""
"","","Needlepoint",""
"","","Knitting",""
"","","Tatting & Lace",""
"","","Macramé",""
"","","Basket Weaving",""
"","","Batik",""
"","","Rugmaking",""
"","","Crewel",""
"","","Sashiko",""
"","Clip Art","",""
"","Glass Art","",""
"","","Glass Sculptures & Figurines",""
"","","Suncatchers",""
"","","Panels & Wall Hangings",""
"","","Mosaics",""
"","Artist Trading Cards","",""
"Bags & Purses","","",""
"","Handbags","",""
"","","Clutches & Evening Bags",""
"","","Shoulder Bags",""
"","","Wristlets",""
"","","Top Handle Bags",""
"","","Crossbody Bags",""
"","","Hobo Bags",""
"","","Purse Inserts",""
"","Electronic Cases","",""
"","","Phone Cases",""
"","","Laptop Bags",""
"","","Tablet & Reader Cases",""
"","","Laptop Sleeves",""
"","","Camera Bags & Cases",""
"","Keychains & Lanyards","",""
"","","Keychains",""
"","","Lanyards & Badge Holders",""
"","","Zipper Charms",""
"","Totes","",""
"","Pouches & Coin Purses","",""
"","Wallets & Money Clips","",""
"","","Wallets",""
"","","Business Card Cases",""
"","","Money Clips",""
"","","Checkbook Covers",""
"","","Chain Wallets",""
"","","Coupon Organizer",""
"","Cosmetics & Toiletry Storage","",""
"","","Cosmetic Bags",""
"","","Vanity Storage",""
"","","Toiletry Kits & Travel Cases",""
"","","Refillable Containers",""
"","","Makeup Organizers",""
"","","Brush Rolls & Holders",""
"","","Nail Polish Organizers",""
"","Messenger Bags","",""
"","Backpacks","",""
"","Luggage & Travel","",""
"","","Passport Covers",""
"","","Luggage Tags",""
"","","Duffel Bags",""
"","","Suitcases",""
"","","Overnight Bags",""
"","","Briefcases & Attaches",""
"","","Travel Wallets",""
"","","Train Cases",""
"","","Garment Bags",""
"","","Luggage Straps",""
"","","Rolling Luggage",""
"","Diaper Bags","",""
"","Accessory Cases","",""
"","","Glasses Cases",""
"","","Cigarette Cases",""
"","Food & Insulated Bags","",""
"","","Snack & Sandwich Bags",""
"","","Lunch Bags & Boxes",""
"","","Drink Holders & Cozies",""
"","","Picnic Baskets & Bags",""
"","Fanny Packs","",""
"","Market Bags","",""
"","Sports Bags","",""
"","","Yoga Bags",""
"","","Wet & Beach Bags",""
"","","Team Sports & Gym Bags",""
"","","Cycling Bags",""
"","","Tennis & Golf Bags",""
"","","Bowling Ball Bags",""
"","","Arm Bands & Wrist Wallets",""
"","Clothing & Shoe Bags","",""
"","","Laundry & Lingerie Bags",""
"","","Shoe Bags",""
"","","Hat Boxes",""
"Paper & Party Supplies","","",""
"","Paper ","",""
"","","Greeting Cards",""
"","","Invitations & Announcements",""
"","","Stickers, Labels & Tags",""
"","","Stationery",""
"","","Paper Ephemera",""
"","","Gift Wrapping",""
"","","Calendars & Planners",""
"","","Origami",""
"","","Pens",""
"","","Pencils",""
"","","Calligraphy",""
"","Party Supplies","",""
"","","Party Décor",""
"","","","Cake Toppers"
"","","","Guest Books"
"","","","Banners & Signs"
"","","","Garland, Flags & Bunting"
"","","","Centerpieces"
"","","","Tableware"
"","","","Backdrops & Props"
"","","","Straws"
"","","","Confetti"
"","","","Place Cards & Holders"
"","","","Cupcake Liners"
"","","","Party Hats & Crowns"
"","","","Piñatas"
"","","","Party Lights & Lanterns"
"","","Party Favors & Games",""
"","","","Party Favors"
"","","","Party Games"
"","","","Favor Bags & Containers"